,id,pmid,source,doi,authors,journal,title,abstract,year,language
0,1,27682300,pubmed,,"['Noh JH', 'Kyiung HS', 'Yoon KH', 'Roh YH']",Acta orthopaedica Belgica,Supplementary tibial fixation in anterior cruciate ligament reconstruction - Direct cortical fixation using spiked washer screw vs. post-tie using washer screw.,"We compare clinical outcomes of two different supplementary tibial fixation in anterior cruciate ligament (ACL) reconstruction using free tendon Achilles allograft. Eighty subjects underwent ACL reconstruction using Endobutton CL for femoral fixation and Bio-interference screw for tibial fixation. Supplementary tibial fixation was performed as direct -cortical fixation using spiked washer screw (group I) or as post-tie using washer screw (group II). -Lachman test, pivot shift test, IKDC classification, Lysholm score, and side-to-side difference (SSD) were evaluated. Thirty six in group I and thirty five in group II could follow up for at least 2 years. At the last follow-up, 7 in group I and 1 in group II showed 2+ or 3+ in Lachman test (p = 0.027). Mean SSD was 2.4mm in group I and 1.4mm in group II (p = 0.048). Post-tie using washer screw was more effective than direct cortical fixation using spiked washer screw to restore stability. Level of evidence : Therapeutic Level I ; Randomized controlled clinical trial.",2016,['English']
1,2,24488793,pubmed,10.1055/s-0034-1367730,"['Koyonos L', 'Owsley K', 'Vollmer E', 'Limpisvasti O', 'Gambardella R']",The journal of knee surgery,Preoperative cryotherapy use in anterior cruciate ligament reconstruction.,"Unrelieved postoperative pain may impair rehabilitation, compromise functional outcomes, and lead to patient dissatisfaction. Preemptive multimodal analgesic techniques may improve outcomes after surgery. We hypothesized that patients using preoperative cryotherapy plus a standardized postoperative treatment plan will have lower pain scores and require less pain medication compared with patients receiving a standardized postoperative treatment plan alone after arthroscopically assisted anterior cruciate ligament reconstruction (ACLR). A total of 53 consecutive patients undergoing arthroscopically assisted ACLR performed by one of seven surgeons were randomly assigned to one of two groups. Group 1 received no preoperative cryotherapy and group 2 received 30 to 90 minutes of preoperative cryotherapy to the operative leg using a commercial noncompressive cryotherapy unit. Visual analog scale pain scores and narcotic use were recorded for the first 4 days postoperatively. Total hours of cold therapy and continuous passive motion (CPM) use and highest degree of flexion achieved were recorded as well. Group 1 consisted of 26 patients (15 allograft Achilles tendon and 11 autograft bone patellar tendon bone [BPTB]), and group 2 consisted of 27 patients (16 allograft Achilles tendon and 11 autograft BPTB). Group 2 patients reported less pain (average 1.3 units, p < 0.02) and used less narcotic use (average 1.7 tablets, p < 0.02) for the first 36 hours compared with group 1. No statistically significant differences were identified between the two groups with regard to demographics, hours of postoperative cryotherapy, hours of CPM use, or maximum knee flexion achieved. Complications did not occur in either group. This is the first report we are aware of showing the postoperative effects of preoperative cryotherapy. Our results support the safety and efficacy of preoperative cryotherapy in a multimodal pain regimen for patients undergoing ACL reconstruction.",2014,['English']
2,3,23538044,pubmed,10.1016/j.arthro.2013.01.025,"['Noh JH', 'Roh YH', 'Yang BG', 'Yi SR', 'Lee SY']",Arthroscopy : the journal of arthroscopic & related surgery : official publication of the Arthroscopy Association of North America and the International Arthroscopy Association,Femoral tunnel position on conventional magnetic resonance imaging after anterior cruciate ligament reconstruction in young men: transtibial technique versus anteromedial portal technique.,"PURPOSE: The purpose of this study was to compare clinical outcomes after single-bundle anterior cruciate ligament (ACL) reconstruction with a free Achilles tendon allograft using either a transtibial or an anteromedial portal technique and then to quantify the difference in femoral tunnel position between these 2 approaches. This assessment was to be performed with a new method using conventional magnetic resonance imaging (MRI) with a digital imaging system. METHODS: In this prospective randomized comparative study, 53 young male patients with ACL rupture underwent ACL reconstruction with the transtibial technique (group 1) or the anteromedial portal technique (group 2). We assessed clinical outcomes with the Lachman test, pivot shift test, International Knee Documentation Committee (IKDC) classification, Lysholm score, Tegner activity scale, and single leg hop (SLH) test. Radiologic assessments included the position of the femoral tunnel aperture and the posterior cruciate ligament (PCL) index on conventional MRI and the side-to-side difference (SSD) on stress radiographs. RESULTS: Sixty-one participants had follow-up. The mean follow-up period was 30.2 months. At the last follow-up, there were no significant differences between the 2 groups in results from the Lachman test, pivot shift test, IKDC classification, Tegner activity scale, and SLH test. The Lysholm score and SSD results in group 2 were superior to those in group 1 (P < .001). The femoral tunnel aperture was positioned more posteriorly in group 2 than in group 1 (P < .001). Changes in the PCL index were greater in group 1 than in group 2 (P < .001). CONCLUSIONS: The position of the femoral tunnel aperture created with the anteromedial portal technique was more posterior than that made with the transtibial technique. Knees reconstructed with the anteromedial portal technique were more stable in Telos testing, and were 3 points higher on the Lysholm score. However, there were no statistically significant differences in the Tegner activity scale or IKDC classification between the 2 groups. LEVEL OF EVIDENCE: Therapeutic level I, randomized controlled clinical trial.",2013,['English']
3,4,23369444,pubmed,10.1016/j.arthro.2012.10.023,"['Noh JH', 'Yang BG', 'Yi SR', 'Roh YH', 'Lee JS']",Arthroscopy : the journal of arthroscopic & related surgery : official publication of the Arthroscopy Association of North America and the International Arthroscopy Association,Single-bundle anterior cruciate ligament reconstruction in active young men using bone-tendon achilles allograft versus free tendon achilles allograft.,"PURPOSE: The purpose was to prospectively compare the outcomes of anterior cruciate ligament (ACL) reconstruction using bone-tendon Achilles allograft with those of free tendon Achilles allograft in 2 groups of active young men. METHODS: We enrolled 72 subjects in the study. Of these, 33 subjects who had ACL reconstruction with Achilles allograft with calcaneal bone block on its end (group I) and 34 who had ACL reconstruction with free tendon Achilles allograft (group II) were followed up for a minimum of 2 years. The Lachman test, pivot-shift test, and 1-leg hop test were evaluated at the last follow-up. The International Knee Documentation Committee classification, Lysholm score, and side-to-side difference were assessed preoperatively and at the last follow-up. The Tegner activity scale was evaluated before injury and at the last follow-up. RESULTS: The mean follow-up period was 30.9 months (range, 26 to 38 months). At the last follow-up, there were no statistically significant differences between the 2 groups for the Lachman test, pivot-shift test, 1-leg hop test, International Knee Documentation Committee classification, Lysholm score, and side-to-side difference (P > .05). Three subjects in group I and three in group II showed an activity level 2 steps below the preinjury activity level. The rest of the subjects returned to the preinjury activity level or showed a level 1 step below the preinjury activity level. CONCLUSIONS: There were no significant differences in clinical outcomes of ACL reconstructions using Achilles allograft between the bone-tendon group and the free tendon group in active young men. Free tendon Achilles allograft may be considered an option for ACL reconstruction. LEVEL OF EVIDENCE: Level II, therapeutic study, randomized controlled trial.",2013,['English']
4,5,22732367,pubmed,10.1016/j.arthro.2012.03.012,"['Noh JH', 'Yang BG', 'Yi SR', 'Roh YH', 'Lee JS']",Arthroscopy : the journal of arthroscopic & related surgery : official publication of the Arthroscopy Association of North America and the International Arthroscopy Association,Hybrid tibial fixation for anterior cruciate ligament reconstruction with Achilles tendon allograft.,"PURPOSE: To compare clinical outcomes of tibial fixation between a biodegradable interference screw only and a biodegradable interference screw supplemented by a post-tie using a washer screw in single-bundle anterior cruciate ligament (ACL) reconstruction with 2-strand free tendon Achilles allograft in active young men. METHODS: A prospective study was performed in 80 subjects who underwent single-bundle ACL reconstruction. A 2-strand free tendon Achilles allograft fixed with an EndoButton (Smith & Nephew, Andover, MA) in the femoral tunnel and with a Bio-Interference screw (Arthrex, Naples, FL) in the tibial tunnel was used in group I. Supplementary fixation was performed with a post-tie using a washer screw in group II. The Lachman test, pivot-shift test, International Knee Documentation Committee classification, Lysholm score, range of knee motion, and side-to-side difference were evaluated preoperatively and at the last follow-up. The Tegner activity scale was evaluated before injury and at the last follow-up. The 1-leg hop test was assessed at the last follow-up. RESULTS: Of the patients, 36 in group I and 35 in group II could be followed up for at least 2 years. At the last follow-up, 7 patients in group I and 1 in group II showed a 2+ or 3+ on the Lachman test (P = .027). The mean side-to-side difference was 2.9 +/- 2.3 mm in group I and 1.4 +/- 1.6 mm in group II at the last follow-up (P = .002). The other clinical outcomes were not significantly different between the 2 groups. CONCLUSIONS: Supplementary tibial fixation with a post-tie in ACL reconstruction using 2-strand free tendon Achilles allograft was more effective than a biodegradable interference screw only in restoration of the anterior stability of the tibia. LEVEL OF EVIDENCE: Level II, randomized controlled trial.",2012,['English']
5,6,21290116,pubmed,10.1007/s00167-010-1388-6,"['Noh JH', 'Yi SR', 'Song SJ', 'Kim SW', 'Kim W']","Knee surgery, sports traumatology, arthroscopy : official journal of the ESSKA",Comparison between hamstring autograft and free tendon Achilles allograft: minimum 2-year follow-up after anterior cruciate ligament reconstruction using EndoButton and Intrafix.,"PURPOSE: This study is to compare the clinical and radiographic results of anterior cruciate ligament (ACL) reconstruction with four-stranded autogenous hamstring tendon and two-stranded free tendon Achilles allograft fixed with EndoButton in the femoral tunnel and Intrafix in the tibial tunnel. MATERIALS AND METHODS: 106 patients diagnosed with ACL rupture underwent ACL reconstruction. Autogenous hamstring tendon was used in 33 patients (group I) and free tendon Achilles allografts were used in 32 patients (group II). Median age was 23 years old (20-51) in group I and 22 years old (20-55) in group II. Range of motion, Lachman test, Pivot shift test, IKDC score, Lysholm score and side-to-side difference (SSD) were evaluated preoperatively and at the last follow-up. Tegner activity scale was evaluated before injury and at the last follow-up. RESULTS: The mean follow-up periods were 28.1 months in group I and 31.6 months in group II. Range of motion of the knee was not different from that of the unaffected side in most cases except one flexion deficit in group I and three in group II (n.s.). One in group I and three in group II showed grade two or three laxity on Lachman test at the last follow-up. One in group I and three in group II showed clear positive results on Pivot shift test at the last follow-up. Thirty in group I and 26 in group II were classified to IKDC A or B at the last follow-up (n.s.). Median Lysholm scores were 98 (85-100) in group I and 99 (85-100) in group II at the last follow-up (n.s.). Median Tegner activity scales were 6 (5-9) in group I and 6 (4-9) in group II at the last follow-up (n.s.). The mean SSD at the last follow-up were 1.4 +/- 2.0 mm in group I and 1.9 +/- 2.4 mm in group II (n.s.). CONCLUSION: Clinical and radiological outcomes of ACL reconstruction with two-stranded free tendon Achilles allograft were comparable to those of four-stranded autogenous hamstring tendon. This technique is reasonable to accomplish good results without some weaknesses when using allograft with bone block. LEVEL OF EVIDENCE: Therapeutic randomized controlled prospective study, Level I.",2011,['English']
6,7,15363236,pubmed,,"['Sun K', 'Tang JW', 'Xu Q', 'Liu XY', 'Zhou LG', 'Hao YQ', 'Wang L', 'Sun YJ']",Zhonghua wai ke za zhi [Chinese journal of surgery],[A prospective study of the anterior cruciate ligament reconstruction: allograft versus autograft].,"OBJECTIVE: To compare the clinical outcomes and differences of arthroscopic anterior cruciate ligament (ACL) reconstruction by using allografts and autografts. METHODS: Fifty-three patients with grade III ACL injuries were divided randomly into 2 groups. Twenty-five cases of group A with autografts of patellar bone-tendon-bone (B-PT-B;n = 15) and 4 strands of semitendinosus/gracilis (n = 10); 28 patients of group B with allografts of B-PT-B (n = 18), 4 strands of semitendinosus/2 strands of gracilis tendons (n = 6) and double tibialis posterior (n = 4) as well as Achilles bone-tendon (n = 2). All procedures were performed endoscopically by some surgeons. All patients were followed up for 12 to 31 months, average 19 months. RESULTS: There were statistically significant differences revealed in physical examination. IKDC and Lysholm-Tegner Score as well as KT-2000 testing was used preoperation and postoperation for both group, but there were no significant differences between the two groups except that group B had less time in operation and longer time in postoperative fever comparing with group A. (2-sample t test, P < 0.05). The KT-2000 side to side difference less than 3 mm were 88% and 86% and more than 5 mm were 4% and 7.1% respectively. The infection rates were 0% and 3.5% for the two groups. CONCLUSION: The clinical outcomes of the allografts and autografts in ACL reconstruction is almost the same. Allografts are a reasonably alternative choice for ACL reconstruction in patients over middle ages and for multiple ligament surgery as well as revision procedures.",2004,['Chinese']
0,1,,embase,,,BMJ Open Sport and Exercise Medicine,Sportskongres 2025,The proceedings contain 51 papers. The topics discussed include: effects of protein supplementation combined with rehabilitation on muscle volume after acute muscle strain injuries: a randomized controlled trial; treatment of knee osteoarthritis with autologous micro-fragmented adipose tissue is not superior to placebo saline. an RCT with 2-year follow-up; people's perceptions about their anterior cruciate ligament injury and its care - a systematic review and qualitative evidence synthesis; investigating missed days from school among high school athletes following sport-related concussion; psychological readiness to return to sport in athletes with hypermobile joints after anterior cruciate ligament reconstruction: a prospective cohort study; does leg dominance matter on the modified balance error scoring system? an investigation in secondary school and university athletes; and diagnostic information has an immediate effect on pain in patients with Achilles tendinopathy? a randomized controlled clinical experiment.,2025,English
1,2,,embase,,,Arthroscopy - Journal of Arthroscopic and Related Surgery,Abstracts Presented at the 38th Annual Meeting of the Arthroscopy Association of North America,The proceedings contains 84 papers. The topics discussed include: Comparison of Tendon Lengthening with Traditional vs. Accelerated Rehab Following Achilles Tendon Repair: A Randomized Controlled Trial;Postoperative Opioid Usage Following Outpatient Arthroscopic Sports Medicine Procedures;Comparison of the Rate of Nonunion or Delayed Union in Fifth Metatarsal Fractures Receiving Anti-Inflammatory Medications;Preoperative Changes in the Biomarker Profile of the Knee before Anterior Cruciate Ligament (ACL) Reconstruction;Outcomes for Selective Repair of the Anterior Cruciate Ligament with Suture Augmentation and Minimum Two Year Follow-up;Failure and Reoperation Rates Following Arthroscopic Primary Repair versus Reconstruction of the Anterior Cruciate Ligament;Clinical Outcomes of Combined Anterior Cruciate and Anterolateral Ligament Reconstruction in A Series of Seventy Professional Athletes;Is Intraoperative Fluoroscopy Necessary to Confirm Device Position for Femoral Sided Cortical Suspensory Fixation during Anterior Cruciate Ligament Reconstruction?;Knee Lateral Extra-articular Tenodesis Decreases In-situ Force in the ACL;Epidemiological Evaluation of Meniscal Ramp Lesions in 3214 ACL-Injured Knees: A Risk Factor Analysis and Study of Secondary Meniscectomy Rates;Long-term Survival of Meniscus Allograft Transplantation in an Arthritic Population: Time to Abandon Restricted Indications for Transplantation.;Comparison of Traditional Physical Therapy to Internet-Based Physical Therapy after Knee Arthroscopy: A Prospective Randomized Controlled Trial Comparing Patient Outcomes and Satisfaction;The Risk of Extrusion: Insights on Meniscus Tear Patterns from the Osteoarthritis Initiative;Clinically Significant Outcomes in Isolated Arthroscopic Partial Meniscectomy: A Multivariate Time-To-Event Analysis;Avoiding Damage to the Popliteal Neurovascular Bundle in All-Inside Suturing of the Posterior Horn of the Lateral Meniscus: An MRI Assessment of Portal Selection and Safety;The Biomechanical Effects of Lateral Release on Lateral Patellar Displacement at Varying Flexion Angles,2019,English
2,3,,embase,,,clinicaltrials.gov,Prospective Evaluation of Osseous Integration and Patient Outcomes In Allograft ACL Reconstruction Comparing Tightrope Versus Biocomposite Interference Screw Fixation,"Brief SummaryThe purpose of our study was to compare osseous integration of the bone block in Achilles tendon allograft ACL reconstruction using a cortical button versus biocomposite interference screw fixation. The primary outcome was bone block incorporation within the femoral tunnel at six months. Our null hypothesis was that there is no difference in osseous incorporation or outcome with either type of femoral fixation in primary ACL reconstruction with Achilles tendon allograft. Our secondary outcomes were pain and clinical outcome scores between the two groups.Detailed DescriptionAfter obtaining institutional review board approval the investigators conducted this prospective randomized controlled trial with goal of 1:1 allocation ratio between the two study groups. All subjects were recruited at the preoperative appointments. The senior investigator discussed ACL reconstruction with the patients. Appropriate preoperative counseling was performed regarding graft options. If inclusion criteria were met, patients received information about the study. Informed consent was obtained from those choosing to enroll in the study including consent for a CT scan at the six month postoperative time period. The patients were randomized for fixation technique on the day of surgery from a list using the medical record number. Patients underwent ACL reconstruction with Achilles tendon allograft with femoral-sided bone block fixation with either (1) a biocomposite interference screw (aperture fixation) or (2) cortical button (suspensory fixation). The inclusion criteria included patients between the ages of 18 and 50 able to provide informed consent with ACL tears meeting the indications for reconstruction and electing to undergo reconstruction with an Achilles tendon allograft. Excluded patients included those with a history of prior ACL reconstruction, pregnancy, inflammatory disease, a primary bone disorder, those taking bone resorption inhibitor medications, and those with injuries to the collateral ligaments or posterior cruciate ligament. All surgeries were performed by a single surgeon at a single institution using the same technique. Initial diagnosis of ACL deficiency was made on physical exam and magnetic resonance imaging. This was confirmed with arthroscopy at the beginning of the case. The Achilles-calcaneal bone allograft was thawed. The tendinous portion was tubularized and whip-stitched with a locking Fiberloop suture (Arthrex, North Naples, FL, USA). Sutures were passed through the bone block and the graft diameter was measured. The graft was then pre-tensioned. Femoral tunnels were made using the anteromedial portal at 120 degrees of knee flexion. The tibial tunnel was created using an outside-in technique over a pin centered at the ACL footprint. In the aperture fixation group, the bone graft end was pulled through into the femoral tunnel and secured with a biocomposite interference screw (BioComposite Screw, Arthrex, North Naples, FL; or MILAGRO screw, DePuy Mitek, Raynham, MA, USA). In the suspensory fixation group, a cortical button (TightRope, Arthrex, North Naples, FL, USA) was pulled through the femoral cortex and used to shuttle the Achilles bone plug into the femoral tunnel until it was just recessed within the medial intercondylar surface. In both groups, tibial fixation was identical with a bioabsorbable interference screw (BioComposite Screw, Arthrex, North Naples, FL, USA or Milagro screw) and a backup knotless anchor (4.5 mm Biomet Peek knotless anchor, Biomet, Warsaw, IN, USA). The graft was fixed at near full extension after having cycled the knee through range of motion with the graft tensioned. All patients underwent a specified ACL post-operative rehabilitation protocol depending on concomitant pathology. Cycling was permitted at the six-week mark. In-line jogging typically was allowed at four months with initiation of pivoting motions at seven to eight months. Full return to sports was allowed after nine months. Younger patients enrolled in a sports metrics program followed by a functional ACL exam prior to return to sports. A commuted tomography (CT) scan of the operative knee was obtained postoperatively at six months. Demographic data including age, gender, and body mass index were collected. The primary outcome measure was bony incorporation of the bone block within the femoral tunnel with CT scan. This was assessed with the femoral ossification score as determined by three board certified radiologists. The femoral ossification score was devised as a practical means of semi-quantitatively assessing the degree of bone incorporation around the femoral bone plug or screw fixation device present in each patient. Each CT scan score assessment was performed by one of three musculoskeletal fellowship-trained radiologists. Whenever an ossification score was deemed to be borderline between two categories, a consensus score was determined by two of the radiologists. The impression in the CT report included the femoral ossification score as well as a footnote with the entire scale to explain the score. Secondary outcome measures included pain score on a visual analogue scale (VAS) obtained preoperatively, at the first post-operative visit, and at return to sports. Physical examination findings included range of motion (ROM) and Lachman grading which were measured preoperatively and at return to sporting activities. Finally, the International Knee Documentation Committee (IKDC) subjective knee evaluation score, Tegner-Lysholm Knee score, and Cincinnati Knee Rating system scores were assessed both pre-operatively and post-operatively at return to sports.",2019,English
3,4,23369444.0,embase,10.1016/j.arthro.2012.10.023,"Noh J.H., Yang B.G., Yi S.R., Roh Y.H., Lee J.S.",Arthroscopy - Journal of Arthroscopic and Related Surgery,Single-bundle anterior cruciate ligament reconstruction in active young men using bone-tendon achilles allograft versus free tendon achilles allograft,"Purpose: The purpose was to prospectively compare the outcomes of anterior cruciate ligament (ACL) reconstruction using bone-tendon Achilles allograft with those of free tendon Achilles allograft in 2 groups of active young men. Methods: We enrolled 72 subjects in the study. Of these, 33 subjects who had ACL reconstruction with Achilles allograft with calcaneal bone block on its end (group I) and 34 who had ACL reconstruction with free tendon Achilles allograft (group II) were followed up for a minimum of 2 years. The Lachman test, pivot-shift test, and 1-leg hop test were evaluated at the last follow-up. The International Knee Documentation Committee classification, Lysholm score, and side-to-side difference were assessed preoperatively and at the last follow-up. The Tegner activity scale was evaluated before injury and at the last follow-up. Results: The mean follow-up period was 30.9 months (range, 26 to 38 months). At the last follow-up, there were no statistically significant differences between the 2 groups for the Lachman test, pivot-shift test, 1-leg hop test, International Knee Documentation Committee classification, Lysholm score, and side-to-side difference (P >.05). Three subjects in group I and three in group II showed an activity level 2 steps below the preinjury activity level. The rest of the subjects returned to the preinjury activity level or showed a level 1 step below the preinjury activity level. Conclusions: There were no significant differences in clinical outcomes of ACL reconstructions using Achilles allograft between the bone-tendon group and the free tendon group in active young men. Free tendon Achilles allograft may be considered an option for ACL reconstruction. Level of Evidence: Level II, therapeutic study, randomized controlled trial. © 2013 by the Arthroscopy Association of North America.",2013,English
4,5,22732367.0,embase,10.1016/j.arthro.2012.03.012,"Noh J.H., Yang B.G., Yi S.R., Roh Y.H., Lee J.S.",Arthroscopy - Journal of Arthroscopic and Related Surgery,Hybrid tibial fixation for anterior cruciate ligament reconstruction with achilles tendon allograft,"Purpose: To compare clinical outcomes of tibial fixation between a biodegradable interference screw only and a biodegradable interference screw supplemented by a post-tie using a washer screw in single-bundle anterior cruciate ligament (ACL) reconstruction with 2-strand free tendon Achilles allograft in active young men. Methods: A prospective study was performed in 80 subjects who underwent single-bundle ACL reconstruction. A 2-strand free tendon Achilles allograft fixed with an EndoButton (Smith & Nephew, Andover, MA) in the femoral tunnel and with a Bio-Interference screw (Arthrex, Naples, FL) in the tibial tunnel was used in group I. Supplementary fixation was performed with a post-tie using a washer screw in group II. The Lachman test, pivot-shift test, International Knee Documentation Committee classification, Lysholm score, range of knee motion, and side-to-side difference were evaluated preoperatively and at the last follow-up. The Tegner activity scale was evaluated before injury and at the last follow-up. The 1-leg hop test was assessed at the last follow-up. Results: Of the patients, 36 in group I and 35 in group II could be followed up for at least 2 years. At the last follow-up, 7 patients in group I and 1 in group II showed a 2+ or 3+ on the Lachman test (P =.027). The mean side-to-side difference was 2.9 ± 2.3 mm in group I and 1.4 ± 1.6 mm in group II at the last follow-up (P =.002). The other clinical outcomes were not significantly different between the 2 groups. Conclusions: Supplementary tibial fixation with a post-tie in ACL reconstruction using 2-strand free tendon Achilles allograft was more effective than a biodegradable interference screw only in restoration of the anterior stability of the tibia. Level of Evidence: Level II, randomized controlled trial. © 2012 Arthroscopy Association of North America.",2012,English
0,1,41703942.0,web_of_science,10.1177/19417381251412905,"BusÃ , MF; Zago, M; Buckthorpe, M; Esposito, F; Della Villa, F",SPORTS HEALTH-A MULTIDISCIPLINARY APPROACH,Which Criteria Are Used to Clear Athletes to Return to Sport After Achilles Tendon Repair? A Scoping Review,"Context: Achilles tendon (AT) rupture is a devastating and potentially career-ending injury. Compared with other severe lower extremity injuries, such as anterior cruciate ligament reconstruction, it is associated with lower return to sport (RTS) rates, longer absence from training and competition, reduced sport-specific performance in the 2 years after rupture, shorter career length, and persistent long-term functional deficits. Therefore, better knowledge of the RTS criteria after AT rupture may support the optimization of rehabilitation outcomes and improve long-term RTS success.Objective: The purposes of this scoping review were to (1) map the scientific evidence regarding criteria used to clear patients to RTS after surgical AT repair, and (2) describe the predominant outcome measurements reported in the literature.Data Sources: Web of Science, Scopus, and MEDLINE databases.Study Selection: A scoping review was conducted following the Preferred Reporting Items for Systematic Reviews and Meta-Analyses extension for Scoping Reviews framework, including English-language studies published from 1995 to 2022 on ""athletes"" or ""sportive patients"" who underwent surgical AT repair.Study Design: Scoping review.Level of Evidence: Level 3.Results: Of 589 studies identified, 34 met the inclusion criteria: 3% were randomized controlled trials, 50% were case series, and 47% were cohort studies. None defined an outcome measurement as a criterion to RTS. The main outcomes were timeframe from surgery to RTS (53%), ankle range of motion (47%), Achilles Tendon Rupture Score (47%), calf circumference (44%), and heel-rise test (44%).Conclusion: None of the 34 studies defined an outcome measurements as criteria for RTS. The main measurements focused on the early rehabilitation stage, with limited standardization and a lack of assessment for the mid- and late stages of rehabilitation. Defining RTS criteria after AT repair may help optimize rehabilitation and the RTS process.",2026,English
1,2,28953136.0,web_of_science,10.2106/JBJS.RVW.17.00024,"Wang, D; Rodeo, SA",JBJS REVIEWS,PLATELET-RICH PLASMA IN ORTHOPAEDIC SURGERY A Critical Analysis Review,"Platelet-rich plasma has shown great promise and potential to stimulate biologic activity in difficult-to-heal musculoskeletal tissue. However, the optimal formulation, method of administration, and dosing for different tissues have yet to be determined. Within a given platelet-rich plasma preparation technique, there is a high degree of inter-subject and intra-subject variability in the composition of platelet-rich plasma produced. This likely contributes to the inconsistent results reported in the current platelet-rich plasma literature. Current evidence best supports the use of platelet-rich plasma as a treatment for osteoarthritis of the knee. Evidence on the use of platelet-rich plasma as a treatment or adjunct for rotator cuff repair, lateral epicondylitis, hamstring injuries, anterior cruciate ligament (ACL) reconstruction, patellar tendinopathy, Achilles tendinopathy, and fractures is inconsistent or only available from low-powered studies. To our knowledge, no comparative studies examining platelet-rich plasma treatment for partial ulnar collateral ligament tears in the elbow currently exist. Current evidence suggests that different platelet-rich plasma formulations are needed for different tissues and pathologies. Ultimately, improved understanding of the underlying structural and compositional deficiencies of the injured tissue will help to identify the biologic needs that can potentially be targeted with platelet-rich plasma.",2017,English
2,3,27682300.0,web_of_science,,"Noh, JH; Kyung, HS; Yoon, KH; Roh, YH",ACTA ORTHOPAEDICA BELGICA,Supplementary tibial fixation in anterior cruciate ligament reconstruction - Direct cortical fixation using spiked washer screw vs. post-tie using washer screw,"We compare clinical outcomes of two different supplementary tibial fixation in anterior cruciate ligament (ACL) reconstruction using free tendon Achilles allograft. Eighty subjects underwent ACL reconstruction using Endobutton CL for femoral fixation and Bio-interference screw for tibial fixation. Supplementary tibial fixation was performed as direct cortical fixation using spiked washer screw (group I) or as post-tie using washer screw (group II). Lachman test, pivot shift test, IKDC classification, Lysholm score, and side-to-side difference (SSD) were evaluated. Thirty six in group I and thirty five in group II could follow up for at least 2 years. At the last followup, 7 in group I and 1 in group II showed 2+ or 3+ in Lachman test (p = 0.027). Mean SSD was 2.4mm in group I and 1 Amm in group II (p = 0.048). Post-tie using washer screw was more effective than direct cortical fixation using spiked washer screw to restore stability. Level of evidence : Therapeutic Level I; Randomized controlled clinical trial.",2016,English
3,4,25108904.0,web_of_science,10.1016/j.arthro.2014.05.040,"Cvetanovich, GL; Mascarenhas, R; Saccomanno, MF; Verma, NN; Cole, BJ; Bush-Joseph, CA; Bach, BR",ARTHROSCOPY-THE JOURNAL OF ARTHROSCOPIC AND RELATED SURGERY,Hamstring Autograft Versus Soft-Tissue Allograft in Anterior Cruciate Ligament Reconstruction: A Systematic Review and Meta-analysis of Randomized Controlled Trials,"Purpose: To compare outcomes of anterior cruciate ligament (ACL) reconstruction with hamstring autograft versus softtissue allograft by systematic review and meta-analysis. Methods: A systematic review of randomized controlled studies comparing hamstring autograft with soft-tissue allograft in ACL reconstruction was performed. Studies were identified by strict inclusion and exclusion criteria. Descriptive statistics were reported. Where possible, the data were pooled and a metaanalysis was performed using RevMan software (The Nordic Cochrane Centre, The Cochrane Collaboration, Copenhagen, Denmark). Dichotomous data were reported as risk ratios, whereas continuous data were reported as standardized mean differences and 95% confidence intervals. Heterogeneity was assessed by use of I-2 for each meta-analysis. Study methodologic quality was analyzed with the Modified Coleman Methodology Score and Jadad scale. Results: Five studies with 504 combined patients (251 autograft and 253 allograft; 374 male and 130 female patients) with a mean age of 29.9 +/- 2.2 years were included. The allografts used were fresh-frozen hamstring, irradiated hamstring, mixture of fresh-frozen and cryopreserved hamstring, fresh-frozen tibialis anterior, and fresh-frozen Achilles tendon grafts without bone blocks. The mean follow-up period was 47.4 +/- 26.9 months, with a mean follow-up rate of 83.3% +/- 8.6%. Two studies found a longer operative time with autograft than with allograft (77.1 +/- 2.0 minutes v 59.9 +/- 0.9 minutes, P = .008). Meta-analysis showed no statistically significant differences between autografts and allografts for any outcome measures (P > .05 for all tests). One study found significantly greater laxity for irradiated allograft than for autograft. The methodologic quality of the 5 studies was poor, with a mean Modified Coleman Methodology Score of 54.4 +/- 6.9 and mean Jadad score of 1.6 +/- 1.5. Conclusions: On the basis of this systematic review and meta-analysis of 5 randomized controlled trials, there is no statistically significant difference in outcome between patients undergoing ACL reconstruction with hamstring autograft and those undergoing ACL reconstruction with soft-tissue allograft. These results may not extrapolate to younger patient populations. The methodology of the available randomized controlled trials comparing hamstring autograft and soft-tissue allograft is poor.",2014,English
4,5,,web_of_science,10.1002/14651858.CD010071.pub3,"Moraes, VY; Lenza, M; Tamaoki, MJ; Faloppa, F; Belloti, JC",COCHRANE DATABASE OF SYSTEMATIC REVIEWS,Platelet-rich therapies for musculoskeletal soft tissue injuries,"Background Platelet-rich therapies are being used increasingly in the treatment of musculoskeletal soft tissue injuries such as ligament, muscle and tendon tears and tendinopathies. These therapies can be used as the principal treatment or as an augmentation procedure (application after surgical repair or reconstruction). Platelet-rich therapies are produced by centrifuging a quantity of the patient's own blood and extracting the active, platelet-rich, fraction. The platelet-rich fraction is applied to the injured tissue; for example, by injection. Platelets have the ability to produce several growth factors, so these therapies should enhance tissue healing. There is a need to assess whether this translates into clinical benefit. Objectives To assess the effects (benefits and harms) of platelet-rich therapies for treating musculoskeletal soft tissue injuries. Search methods We searched the Cochrane Bone, Joint and Muscle Trauma Group Specialised Register (25March 2013), the Cochrane Central Register of Controlled Trials (CENTRAL 2013 Issue 2), MEDLINE (1946 to March 2013), EMBASE (1980 to 2013 Week 12) and LILACS (1982 toMarch 2012). We also searched trial registers (to Week 2 2013) and conference abstracts (2005 toMarch 2012). No language or publication restrictions were applied. Selection criteria We included randomised and quasi-randomised controlled trials that compared platelet-rich therapy with either placebo, autologous whole blood, dry needling or no platelet-rich therapy for people with acute or chronic musculoskeletal soft tissue injuries. Primary outcomes were functional status, pain and adverse effects. Data collection and analysis Two review authors independently extracted data and assessed each study's risk of bias. Disagreement was resolved by discussion or by arbitration by a third author. We contacted trial authors for clarification of methods or missing data. Treatment effects were assessed using risk ratios for dichotomous data and mean differences (MD) or standardised mean differences (SMD) for continuous data, together with 95% confidence intervals. Where appropriate, data were pooled using the fixed-effect model for RR and MD, and the random-effects model for SMD. The quality of the evidence for each outcome was assessed using GRADE criteria. Main results We included data from 19 small single centre trials (17 randomised and two quasi-randomised; 1088 participants) that compared platelet-rich therapy with placebo, autologous whole blood, dry needling or no platelet-rich therapy. These trials covered eight clinical conditions: rotator cuff tears (arthroscopic repair) (six trials); shoulder impingement syndrome surgery (one trial); elbow epicondylitis (three trials); anterior cruciate ligament (ACL) reconstruction (four trials), ACL reconstruction (donor graft site application) (two trials), patellar tendinopathy (one trial), Achilles tendinopathy (one trial) and acute Achilles rupture surgical repair (one trial). We also grouped trials into 'tendinopathies' where platelet-rich therapy (PRT) injections were the main treatment (five trials), and surgical augmentation procedures where PRT was applied during surgery (14 trials). Trial participants were mainly male, except in trials including rotator cuff tears, and elbow and Achilles tendinopathies. Three trials were judged as being at low risk of bias; the other 16 were at high or unclear risk of bias relating to selection, detection, attrition or selective reporting, or combinations of these. The methods of preparing platelet-rich plasma (PRP) varied and lacked standardisation and quantification of the PRP applied to the patient. We were able to pool data for our primary outcomes (function, pain, adverse events) for a maximum of 11 trials and 45% of participants. The evidence for all primary outcomes was judged as being of very low quality. Data assessing function in the short term(up to three months) were pooled from four trials that assessed PRT in three clinical conditions and used four different measures. These showed no significant difference between PRT and control (SMD 0.26; 95% confidence interval (CI) -0.19 to 0.71; P value 0.26; I-2 = 51%; 162 participants; positive values favour PRT). Medium-term function data (at six months) were pooled from five trials that assessed PRT in five clinical conditions and used five different measures. These also showed no difference between groups (SMD -0.09, 95% CI -0.56 to 0.39; P value 0.72; I-2 = 50%; 151 participants). Long-term function data (at one year) were pooled from 10 trials that assessed PRT in five clinical conditions and used six different measures. These also showed no difference between groups (SMD 0.25, 95% CI -0.07 to 0.57; P value 0.12; I-2 = 66%; 484 participants). Although the 95% confidence intervals indicate the possibility of a poorer outcome in the PRT group up to a moderate difference in favour of PRT at short-and long-term follow-up, these do not translate into clinically relevant differences. Data pooled from four trials that assessed PRT in three clinical conditions showed a small reduction in short-term pain in favour of PRT on a 10-point scale (MD -0.95, 95% CI -1.41 to -0.48; I-2 = 0%; 175 participants). The clinical significance of this result is marginal. Four trials reported adverse events; another seven trials reported an absence of adverse events. There was no difference between treatment groups in the numbers of participants with adverse effects (7/241 versus 5/245; RR 1.31, 95% CI 0.48 to 3.59; I-2 = 0%; 486 participants). In terms of individual conditions, we pooled heterogeneous data for long-term function from six trials of PRT application during rotator cuff tear surgery. This showed no statistically or clinically significant differences between the two groups (324 participants). The available evidence is insufficient to indicate whether the effects of PRT will differ importantly in individual clinical conditions. Authors' conclusions Overall, and for the individual clinical conditions, there is currently insufficient evidence to support the use of PRT for treating musculoskeletal soft tissue injuries. Researchers contemplating RCTs should consider the coverage of currently ongoing trials when assessing the need for future RCTs on specific conditions. There is need for standardisation of PRP preparation methods.",2014,English
5,6,23538044.0,web_of_science,10.1016/j.arthro.2013.01.025,"Noh, JH; Roh, YH; Yang, BG; Yi, SR; Lee, SY",ARTHROSCOPY-THE JOURNAL OF ARTHROSCOPIC AND RELATED SURGERY,Femoral Tunnel Position on Conventional Magnetic Resonance Imaging After Anterior Cruciate Ligament Reconstruction in Young Men: Transtibial Technique Versus Anteromedial Portal Technique,"Purpose: The purpose of this study was to compare clinical outcomes after single-bundle anterior cruciate ligament (ACL) reconstruction with a free Achilles tendon allograft using either a transtibial or an anteromedial portal technique and then to quantify the difference in femoral tunnel position between these 2 approaches. This assessment was to be performed with a new method using conventional magnetic resonance imaging (MRI) with a digital imaging system. Methods: In this prospective randomized comparative study, 53 young male patients with ACL rupture underwent ACL reconstruction with the transtibial technique (group 1) or the anteromedial portal technique (group 2). We assessed clinical outcomes with the Lachman test, pivot shift test, International Knee Documentation Committee (IKDC) classification, Lysholm score, Tegner activity scale, and single leg hop (SLH) test. Radiologic assessments included the position of the femoral tunnel aperture and the posterior cruciate ligament (PCL) index on conventional MRI and the side-to-side difference (SSD) on stress radiographs. Results: Sixty-one participants had follow-up. The mean follow-up period was 30.2 months. At the last follow-up, there were no significant differences between the 2 groups in results from the Lachman test, pivot shift test, IKDC classification, Tegner activity scale, and SLH test. The Lysholm score and SSD results in group 2 were superior to those in group 1 (P < .001). The femoral tunnel aperture was positioned more posteriorly in group 2 than in group 1 (P < .001). Changes in the PCL index were greater in group 1 than in group 2 (P < .001). Conclusions: The position of the femoral tunnel aperture created with the anteromedial portal technique was more posterior than that made with the transtibial technique. Knees reconstructed with the anteromedial portal technique were more stable in Telos testing, and were 3 points higher on the Lysholm score. However, there were no statistically significant differences in the Tegner activity scale or IKDC classification between the 2 groups. Level of Evidence: Therapeutic level I, randomized controlled clinical trial.",2013,English
6,7,23369444.0,web_of_science,10.1016/j.arthro.2012.10.023,"Noh, JH; Yang, BG; Yi, SR; Roh, YH; Lee, JS",ARTHROSCOPY-THE JOURNAL OF ARTHROSCOPIC AND RELATED SURGERY,Single-Bundle Anterior Cruciate Ligament Reconstruction in Active Young Men Using Bone-Tendon Achilles Allograft Versus Free Tendon Achilles Allograft,"Purpose: The purpose was to prospectively compare the outcomes of anterior cruciate ligament (ACL) reconstruction using bone-tendon Achilles allograft with those of free tendon Achilles allograft in 2 groups of active young men. Methods: We enrolled 72 subjects in the study. Of these, 33 subjects who had ACL reconstruction with Achilles allograft with calcaneal bone block on its end (group I) and 34 who had ACL reconstruction with free tendon Achilles allograft (group II) were followed up for a minimum of 2 years. The Lachman test, pivot-shift test, and 1-leg hop test were evaluated at the last follow-up. The International Knee Documentation Committee classification, Lysholm score, and side-to-side difference were assessed preoperatively and at the last follow-up. The Tegner activity scale was evaluated before injury and at the last follow-up. Results: The mean follow-up period was 30.9 months (range, 26 to 38 months). At the last follow-up, there were no statistically significant differences between the 2 groups for the Lachman test, pivot-shift test, 1-leg hop test, International Knee Documentation Committee classification, Lysholm score, and side-to-side difference (P > .05). Three subjects in group I and three in group II showed an activity level 2 steps below the preinjury activity level. The rest of the subjects returned to the preinjury activity level or showed a level 1 step below the preinjury activity level. Conclusions: There were no significant differences in clinical outcomes of ACL reconstructions using Achilles allograft between the bone-tendon group and the free tendon group in active young men. Free tendon Achilles allograft may be considered an option for ACL reconstruction. Level of Evidence: Level II, therapeutic study, randomized controlled trial.",2013,English
7,8,24363098.0,web_of_science,10.1002/14651858.CD010071.pub2,"Moraes, VY; Lenza, M; Tamaoki, MJ; Faloppa, F; Belloti, JC",COCHRANE DATABASE OF SYSTEMATIC REVIEWS,Platelet-rich therapies for musculoskeletal soft tissue injuries,"Background Platelet-rich therapies are being used increasingly in the treatment of musculoskeletal soft tissue injuries such as ligament, muscle and tendon tears and tendinopathies. These therapies can be used as the principal treatment or as an augmentation procedure (application after surgical repair or reconstruction). Platelet-rich therapies are produced by centrifuging a quantity of the patient's own blood and extracting the active, platelet-rich, fraction. The platelet-rich fraction is applied to the injured tissue; for example, by injection. Platelets have the ability to produce several growth factors, so these therapies should enhance tissue healing. There is a need to assess whether this translates into clinical benefit. Objectives To assess the effects (benefits and harms) of platelet-rich therapies for treating musculoskeletal soft tissue injuries. Search methods We searched the Cochrane Bone, Joint and Muscle Trauma Group Specialised Register (25 March 2013), the Cochrane Central Register of Controlled Trials (CENTRAL 2013 Issue 2), MEDLINE (1946 to March 2013), EMBASE (1980 to 2013 Week 12) and LILACS (1982 to March 2012). We also searched trial registers (to Week 2 2013) and conference abstracts (2005 to March 2012). No language or publication restrictions were applied. Selection criteria We included randomised and quasi-randomised controlled trials that compared platelet-rich therapy with either placebo, autologous whole blood, dry needling or no platelet-rich therapy for people with acute or chronic musculoskeletal soft tissue injuries. Primary outcomes were functional status, pain and adverse effects. Data collection and analysis Two review authors independently extracted data and assessed each study's risk of bias. Disagreement was resolved by discussion or by arbitration by a third author. We contacted trial authors for clarification of methods or missing data. Treatment effects were assessed using risk ratios for dichotomous data and mean differences (MD) or standardised mean differences (SMD) for continuous data, together with 95% confidence intervals. Where appropriate, data were pooled using the fixed-effect model for RR and MD, and the random-effects model for SMD. The quality of the evidence for each outcome was assessed using GRADE criteria. Main results We included data from 19 small single centre trials (17 randomised and two quasi-randomised; 1088 participants) that compared platelet-rich therapy with placebo, autologous whole blood, dry needling or no platelet-rich therapy. These trials covered eight clinical conditions: rotator cuff tears (arthroscopic repair) (six trials); shoulder impingement syndrome surgery (one trial); elbow epicondylitis (three trials); anterior cruciate ligament (ACL) reconstruction (four trials), ACL reconstruction (donor graft site application) (two trials), patellar tendinopathy (one trial), Achilles tendinopathy (one trial) and acute Achilles rupture surgical repair (one trial). We also grouped trials into 'tendinopathies' where platelet-rich therapy (PRT) injections were the main treatment (five trials), and surgical augmentation procedures where PRT was applied during surgery (14 trials). Trial participants were mainly male, except in trials including rotator cuff tears, and elbow and Achilles tendinopathies. Three trials were judged as being at low risk of bias; the other 16 were at high or unclear risk of bias relating to selection, detection, attrition or selective reporting, or combinations of these. The methods of preparing platelet-rich plasma (PRP) varied and lacked standardisation and quantification of the PRP applied to the patient. We were able to pool data for our primary outcomes (function, pain, adverse events) for a maximum of 11 trials and 45% of participants. The evidence for all primary outcomes was judged as being of very low quality. Data assessing function in the short term(up to three months) were pooled from five trials that assessed PRT in three clinical conditions and used four different measures. These showed no significant difference between PRT and control (SMD 0.24; 95% confidence interval (CI) -0.07 to 0.56; P value 0.13; I2 = 35%; 273 participants; positive values favour PRT). Medium-term function data (at six months) were pooled from six trials that assessed PRT in five clinical conditions and used six different measures. These also showed no difference between groups (SMD 0.06; 95% CI -0.39 to 0.51; P value 0.79; I2 = 64%; 262 participants). Long-term function data (at one year) were pooled from 10 trials that assessed PRT in five clinical conditions and used six different measures. These also showed no difference between groups (SMD 0.25, 95% CI -0.07 to 0.57; P value 0.12; I2 = 66%; 484 participants). Although the 95% confidence intervals indicate the possibility of a slightly poorer outcome in the PRT group up to a moderate difference in favour of PRT at short- and long-term follow-up, these do not translate into clinically relevant differences. Data pooled from four trials that assessed PRT in three clinical conditions showed a small reduction in short-term pain in favour of PRT on a 10-point scale (MD -0.95, 95% CI -1.41 to -0.48; I2 = 0%; 175 participants). The clinical significance of this result is marginal. Four trials reported adverse events; another seven trials reported an absence of adverse events. There was no difference between treatment groups in the numbers of participants with adverse effects (7/241 versus 5/245; RR 1.31, 95% CI 0.48 to 3.59; I2 = 0%; 486 participants). In terms of individual conditions, we pooled heterogeneous data for long-term function from six trials of PRT application during rotator cuff tear surgery. This showed no statistically or clinically significant differences between the two groups (324 participants). Pooled data for short-term function for three elbow epicondylitis trials (179 participants) showed a statistically significant difference in favour of PRT, but the clinical significance of this finding is uncertain. The available evidence is insufficient to indicate whether the effects of PRT will differ importantly in individual clinical conditions. Authors' conclusions Overall, and for the individual clinical conditions, there is currently insufficient evidence to support the use of PRT for treating musculoskeletal soft tissue injuries. Researchers contemplating RCTs should consider the coverage of currently ongoing trials when assessing the need for future RCTs on specific conditions. There is need for standardisation of PRP preparation methods.",2013,English
8,9,22732367.0,web_of_science,10.1016/j.arthro.2012.03.012,"Noh, JH; Yang, BG; Yi, SR; Roh, YH; Lee, JS",ARTHROSCOPY-THE JOURNAL OF ARTHROSCOPIC AND RELATED SURGERY,Hybrid Tibial Fixation for Anterior Cruciate Ligament Reconstruction With Achilles Tendon Allograft,"Purpose: To compare clinical outcomes of tibial fixation between a biodegradable interference screw only and a biodegradable interference screw supplemented by a post-tie using a washer screw in single-bundle anterior cruciate ligament (ACL) reconstruction with 2-strand free tendon Achilles allograft in active young men. Methods: A prospective study was performed in 80 subjects who underwent single-bundle ACL reconstruction. A 2-strand free tendon Achilles allograft fixed with an EndoButton (Smith & Nephew, Andover, MA) in the femoral tunnel and with a Bio-Interference screw (Arthrex, Naples, FL) in the tibial tunnel was used in group I. Supplementary fixation was performed with a post-tie using a washer screw in group II. The Lachman test, pivot-shift test, International Knee Documentation Committee classification, Lysholm score, range of knee motion, and side-to-side difference were evaluated preoperatively and at the last follow-up. The Tegner activity scale was evaluated before injury and at the last follow-up. The 1-leg hop test was assessed at the last follow-up. Results: Of the patients, 36 in group I and 35 in group II could be followed up for at least 2 years. At the last follow-up, 7 patients in group I and 1 in group II showed a 2+ or 3+ on the Lachman test (P = .027). The mean side-to-side difference was 2.9 +/- 2.3 mm in group I and 1.4 +/- 1.6 mm in group II at the last follow-up (P = .002). The other clinical outcomes were not significantly different between the 2 groups. Conclusions: Supplementary tibial fixation with a post-tie in ACL reconstruction using 2-strand free tendon Achilles allograft was more effective than a biodegradable interference screw only in restoration of the anterior stability of the tibia. Level of Evidence: Level II, randomized controlled trial.",2012,English
9,10,21562414.0,web_of_science,10.1097/JSM.0b013e31821d0f65,"Taylor, DW; Petrera, M; Hendry, M; Theodoropoulos, JS",CLINICAL JOURNAL OF SPORT MEDICINE,A Systematic Review of the Use of Platelet-Rich Plasma in Sports Medicine as a New Treatment for Tendon and Ligament Injuries,"Objective: To evaluate, through a systematic review of the current literature, the evidence-based outcomes of the use of platelet-rich plasma (PRP) for the treatment of tendon and ligament injuries. Data Sources: A search of English-language articles was performed in PubMed and EMBASE using keywords ""PRP,"" ""platelet plasma,"" and ""platelet concentrate"" combined with ""tendon"" and then ""ligament"" independently. The search was conducted through September 2010. Study Selection: Search was limited to in vivo studies. Nonhuman studies were excluded. Tissue engineering strategies, which included a combination of PRP with additional cell types (bone marrow), were also excluded. Articles with all levels of evidence were included. Thirteen of 32 retrieved articles respected the inclusion criteria. Data Extraction: The authors reviewed and tabulated data according to the year of study and journal, study type and level of evidence, patient demographics, method of PRP preparation, site of application, and outcomes. Data Synthesis: The selected studies focused on the application of PRP in the treatment of patellar and elbow tendinosis, Achilles tendon injuries, rotator cuff repair, and anterior cruciate ligament (ACL) reconstruction. Seven studies demonstrated favorable outcomes in tendinopathies in terms of improved pain and functional scores. In 3 studies on the use of PRP in ACL reconstruction, no statistically significant differences were seen with regard to clinical outcomes, tunnel widening, and graft integration. One study examined the systemic effects after the local PRP application for patellar and elbow tendinosis. Conclusions: Presently, PRP use in tendon and ligament injuries has several potential advantages, including faster recovery and, possibly, a reduction in recurrence, with no adverse reactions described. However, only 3 randomized clinical trials have been conducted.",2011,English
